0, 10, 131, 1303, 903.0, 810.0, 399.07518088701033, 0.0
1, 10, 2113, 2822, 2293.0, 2370.6, 221.6755286449093, 349.4875273704529
2, 10, 1747, 2358, 2106.0, 2042.0, 198.6212476045803, 697.1108963489532
3, 10, 1681, 2195, 1909.5, 1938.9, 148.66637144963215, 1037.2187206745148
4, 10, 1930, 2245, 1978.0, 2041.3, 110.39388570025062, 1369.925017118454
5, 10, 1982, 2208, 2045.0, 2070.9, 70.32275591869248, 1708.5477137565613
6, 10, 1900, 2127, 1981.0, 1992.4, 76.87938605374005, 2042.2847075462341
7, 10, 1903, 2156, 2006.5, 2019.5, 79.88397836863159, 2380.5807762145996
8, 10, 2017, 2211, 2065.0, 2093.8, 70.04255849124873, 2723.1973576545715
9, 10, 2030, 2192, 2101.5, 2105.3, 54.41516332788132, 3063.1901681423187
10, 10, 1888, 2108, 2018.5, 2016.2, 62.57443567464272, 3401.666076183319
11, 10, 1909, 2060, 1976.0, 1977.2, 48.35866003106372, 3736.175325155258
12, 10, 1871, 1967, 1937.5, 1922.8, 32.69495373907111, 4077.2779808044434
13, 10, 2079, 2227, 2155.0, 2160.0, 41.11933851608024, 4418.678652524948
14, 10, 2047, 2153, 2089.0, 2093.1, 32.71223012880657, 4755.702915668488
15, 10, 1849, 1981, 1917.0, 1915.8, 44.819192317577524, 5113.857796192169
16, 10, 1930, 2046, 1967.5, 1976.3, 36.002916548524226, 5467.712500333786
17, 10, 1784, 1909, 1852.5, 1851.8, 34.56240732356471, 5810.084353685379
18, 10, 1971, 2068, 2033.0, 2028.8, 27.51290606242823, 6150.8926157951355
19, 10, 1817, 1941, 1852.5, 1855.0, 34.896991274320484, 6489.257885932922
20, 10, 1864, 1989, 1900.5, 1913.1, 39.042156702723275, 6824.5205318927765
21, 10, 1808, 1921, 1840.0, 1849.6, 37.105794695707566, 7163.051015377045
22, 10, 1926, 2034, 1963.0, 1961.8, 31.946204782415077, 7498.648199081421
23, 10, 1930, 2091, 1991.5, 1996.1, 46.87952644812018, 7828.94704079628
24, 10, 1929, 2070, 1964.0, 1977.0, 41.19708727568006, 8156.789663314819
25, 10, 1876, 2045, 1941.5, 1950.8, 53.10517865519331, 8494.15555715561
26, 10, 1848, 2005, 1893.0, 1915.0, 55.774546165791435, 8837.354160308838
27, 10, 1837, 1959, 1895.0, 1898.2, 39.63029144480267, 9184.383983135223
28, 10, 1906, 2072, 1974.0, 1981.7, 43.49724129183367, 9520.656225204468
29, 10, 1936, 2050, 1980.0, 1978.0, 34.34239362653687, 9847.763991594315
30, 10, 2066, 2142, 2097.0, 2102.0, 25.88822125987029, 10177.881326436996
31, 10, 1940, 2015, 1959.0, 1969.5, 23.49148782005942, 10514.465806722641
32, 10, 1817, 1910, 1852.0, 1849.3, 28.90346000049129, 10843.284230470657
33, 10, 1886, 1972, 1928.5, 1924.7, 25.942436277265866, 11171.375780820847
34, 10, 1909, 1950, 1935.0, 1933.1, 10.511422358558333, 11497.180099487305
35, 10, 1934, 1987, 1951.5, 1956.3, 16.852596239155556, 11847.305057287216
36, 10, 1942, 2021, 1985.5, 1982.3, 27.680498550423547, 12186.309949874878
37, 10, 1821, 1887, 1865.5, 1861.3, 23.60105929826032, 12512.255028486252
38, 10, 1933, 2020, 1972.5, 1969.3, 23.837155870615103, 12831.994068145752
39, 10, 1839, 1897, 1873.5, 1871.9, 18.780042598460742, 13154.096092939377
40, 10, 1890, 1980, 1921.0, 1920.9, 27.67833087453071, 13493.798263311386
41, 10, 1946, 1979, 1958.0, 1961.6, 12.117755567760888, 13827.094968557358
42, 10, 1960, 2079, 2003.0, 2011.9, 40.527644885929405, 14156.710458278656
43, 10, 1921, 2038, 1965.0, 1979.9, 41.905727532164384, 14484.756023168564
44, 10, 1874, 1984, 1920.0, 1921.9, 36.11772418079522, 14810.57547044754
45, 10, 1862, 1952, 1895.5, 1895.8, 26.746214685446613, 15135.856933355331
46, 10, 1740, 1850, 1778.5, 1788.5, 39.31221184314106, 15462.916328430176
47, 10, 1942, 2012, 1971.5, 1967.6, 21.758676430334635, 15800.121141433716
48, 10, 1852, 1970, 1885.0, 1891.9, 37.37766712891536, 16132.974092006683
49, 10, 1988, 2131, 2002.0, 2022.9, 42.212438925037254, 16471.20473909378
50, 10, 2040, 2096, 2070.0, 2070.6, 16.865349092147486, 16814.08364701271
51, 10, 1879, 1936, 1898.5, 1905.2, 19.150979087242508, 17152.55833864212
52, 10, 1857, 1911, 1890.5, 1885.6, 17.956614380222124, 17481.588492155075
53, 10, 1863, 1955, 1892.0, 1898.4, 27.019252395282887, 17815.51008248329
54, 10, 1908, 1989, 1933.0, 1937.9, 23.479565583715555, 18147.28481554985
55, 10, 1958, 2044, 1990.0, 1993.0, 25.546036874630868, 18487.17143177986
56, 10, 1839, 1950, 1889.0, 1889.1, 33.960123674686464, 18816.23077249527
57, 10, 1814, 1915, 1879.5, 1878.0, 26.525459468216567, 19157.342608213425
58, 10, 1880, 1963, 1917.0, 1917.4, 25.768973592287296, 19481.853637456894
59, 10, 1839, 1907, 1868.5, 1874.6, 23.89225816033302, 19811.994483232498
60, 10, 1889, 1948, 1923.5, 1917.8, 20.836506425022407, 20138.66507911682
61, 10, 1996, 2044, 2010.5, 2017.9, 15.996562130657951, 20473.112748622894
62, 10, 1964, 2026, 1991.5, 1992.7, 21.20400905489337, 20806.001600265503
63, 10, 1892, 1984, 1941.5, 1942.2, 26.449196585151693, 21133.56399488449
64, 10, 1830, 1968, 1895.0, 1890.9, 38.877885744983615, 21465.442868947983
65, 10, 1790, 1860, 1808.5, 1817.0, 22.93032926061028, 21787.830592155457
66, 10, 1890, 1969, 1941.5, 1938.4, 24.666576576412055, 22115.672957658768
67, 10, 1827, 1901, 1867.0, 1870.0, 22.825424421026653, 22449.444593667984
68, 10, 1907, 2004, 1934.0, 1938.0, 27.422618401604176, 22782.933504104614
69, 10, 1801, 1911, 1843.5, 1847.0, 30.812335192257013, 23114.841700315475
70, 10, 1913, 1990, 1943.0, 1946.1, 27.96229604306485, 23446.487035751343
71, 10, 1890, 1957, 1920.5, 1921.9, 20.830026404207942, 23779.052592277527
72, 10, 1866, 1974, 1897.5, 1911.5, 36.14484748895754, 24108.99235725403
73, 10, 1851, 1906, 1884.5, 1879.5, 19.085334683992315, 24435.995897054672
74, 10, 1827, 1917, 1870.0, 1868.7, 25.47174905655283, 24773.931223630905
75, 10, 1924, 2014, 1954.0, 1963.2, 26.308933843848557, 25108.851794958115
76, 10, 1974, 2049, 2017.5, 2012.9, 24.014370697563574, 25452.22870492935
77, 10, 1838, 1897, 1859.0, 1862.5, 15.78131806916013, 25794.150463342667
78, 10, 1983, 2067, 2018.0, 2022.7, 26.90743391704233, 26126.68344926834
79, 10, 1997, 2077, 2022.5, 2026.6, 24.323651041733022, 26457.187261343002
80, 10, 1889, 1978, 1922.5, 1926.2, 31.105626500683123, 26789.303822040558
81, 10, 1902, 2003, 1935.0, 1941.8, 28.36829215867603, 27125.826793909073
82, 10, 1857, 1940, 1884.0, 1890.9, 26.23146965002152, 27460.003930807114
83, 10, 1897, 1964, 1913.0, 1922.1, 21.732234123531804, 27797.350274324417
84, 10, 1885, 1943, 1911.5, 1910.1, 18.827904822364065, 28142.05382847786
85, 10, 1782, 1876, 1815.0, 1826.8, 31.431830999800184, 28484.52329134941
86, 10, 1883, 1963, 1926.0, 1923.0, 24.19917353960668, 28820.97031903267
87, 10, 1868, 1942, 1891.0, 1891.6, 21.84582339945098, 29157.97684931755
88, 10, 1878, 1955, 1917.5, 1919.1, 23.68311634899428, 29484.151729106903
89, 10, 1893, 1985, 1935.5, 1936.1, 29.025678286648187, 29822.060717582703
90, 10, 1759, 1851, 1807.5, 1810.4, 31.0135454277643, 30154.598806858063
91, 10, 1799, 1896, 1847.5, 1843.2, 26.954776942130312, 30489.38046503067
92, 10, 1952, 2050, 2005.5, 2001.2, 33.67729205265768, 30830.83987569809
93, 10, 1838, 1974, 1891.0, 1901.7, 42.12374627214441, 31162.699526548386
94, 10, 1792, 1902, 1836.0, 1838.1, 32.79466420014085, 31501.384449481964
95, 10, 1800, 1944, 1843.5, 1853.6, 42.42687827309476, 31835.808068990707
96, 10, 1941, 2046, 1999.5, 1995.1, 34.32914213900487, 32162.912764549255
97, 10, 1821, 1905, 1875.0, 1869.8, 27.85246847229164, 32501.644995689392
98, 10, 1883, 1972, 1924.0, 1920.8, 31.01870403482389, 32852.64349961281
99, 10, 1800, 1883, 1839.5, 1836.6, 28.464714999451513, 33197.370574235916
